{
  "products": [
    {
      "id": 1,
      "title": "Ortodoxia",
      "author": "G.K Chesterton",
      "price": "R$ 39,90",
      "image": "imagens/livro1.png",
      "buyLink": "descricao.html"
    },
    {
      "id": 2,
      "title": "Conquista das virtudes",
      "author": "Francisco faus",
      "price": "R$ 50,90",
      "image": "imagens/livro3.png",
      "buyLink": "descricao.html"
    },
    {
      "id": 3,
      "title": "Ideias têm consequências",
      "author": "Richard M. Weaver",
      "price": "R$ 62,90",
      "image": "imagens/livro4.png",
      "buyLink": "descricao.html"
    },
    {
      "id": 4,
      "title": "A vida intelectual",
      "author": "Pe. Sertillanges",
      "price": "R$ 39,90",
      "image": "imagens/livro5.png",
      "buyLink": "descricao.html"
    }
  ]
}
